"Symbol",
"FLWS",
"FCCY",
"SRCE",
"JOBS",
"EGHT",
"AVHI",
"SHLM",
"AAON",
"ABAX",
"ABEO",
"ABMD",
"AXAS",
"ACTG",
"ACHC",
"ACAD",
"AXDX",
"ANCX",
"ARAY",
"ACET",
"ACHN",
"ACIW",
"ACNB",
"ACOR",
"ACTS",
"ACPW",
"ATVI",
"ACTA",
"ACUR",
"ACXM",
"ADMP",
"ADUS",
"AEY",
"ADBE",
"ADTN",
"AEIS",
"AMD",
"ADXS",
"AEGN",
"AEHR",
"AEPI",
"AVAV",
"AEZS",
"AEMD",
"AGEN",
"AGYS",
"AIRM",
"AIRT",
"ATSG",
"AMCN",
"AIXG",
"AKAM",
"AKRX",
"ALSK",
"AMRI",
"ALXN",
"ALCO",
"ALGN",
"ALJJ",
"ALKS",
"ALGT",
"AIQ",
"AHGP",
"ARLP",
"AHPI",
"AMOT",
"ALQA",
"ALLT",
"MDRX",
"AFAM",
"ALNY",
"GOOG",
"GOOGL",
"ATEC",
"ASPS",
"AIMC",
"AMAG",
"AMRN",
"AMZN",
"DOX",
"AMED",
"UHAL",
"ATAX",
"AMOV",
"AAL",
"AGNC",
"ACAS",
"AETI",
"AMIC",
"AMNB",
"ANAT",
"APEI",
"ARII",
"AMRB",
"ASEI",
"AMSWA",
"AMSC",
"AMWD",
"CRMT",
"ABCB",
"AMSF",
"ASRV",
"ASRVP",
"ATLO",
"AMGN",
"FOLD",
"AMKR",
"AMSG",
"ASYS",
"AFSI",
"ADI",
"ALOG",
"ANGO",
"ANIP",
"ANIK",
"ANSS",
"ATRS",
"APOG",
"APOL",
"AINV",
"AMEH",
"AAPL",
"ARCI",
"APDN",
"AMAT",
"AMCC",
"AREX",
"APRI",
"ARDM",
"ARLZ",
"ABUS",
"ARCW",
"ABIO",
"ARCB",
"ACGL",
"APLP",
"ACAT",
"ARNA",
"ARCC",
"AGII",
"ARIS",
"ARIA",
"ARKR",
"ARMH",
"ARTX",
"ARQL",
"ARRY",
"ARRS",
"AROW",
"ARWR",
"ARTNA",
"ARTW",
"ASNA",
"ASCMA",
"APWC",
"ASML",
"AZPN",
"ASFI",
"ASTE",
"ATRO",
"ALOT",
"ASTC",
"ASUR",
"ATAI",
"ATHN",
"ATHX",
"AAME",
"ACFC",
"ATLC",
"AAWW",
"ATNI",
"ATRC",
"ATRI",
"ATTU",
"AUBN",
"AUDC",
"ABTL",
"ADSK",
"ADP",
"AVNW",
"AVIR",
"CAR",
"AWRE",
"ACLS",
"AXGN",
"AXTI",
"BCOM",
"RILY",
"BOSC",
"BEAV",
"BIDU",
"BCPC",
"BWINA",
"BWINB",
"BLDP",
"BANF",
"BANFP",
"BKMU",
"BOCH",
"BMRC",
"BKSC",
"BOTJ",
"OZRK",
"BFIN",
"BANR",
"BBSI",
"BSET",
"BYBK",
"BCBP",
"BECN",
"BSF",
"BBGI",
"BEBE",
"BBBY",
"BELFA",
"BELFB",
"BNCL",
"BGCP",
"BGFV",
"BASI",
"BCRX",
"BIOD",
"BDSI",
"BIIB",
"BIOL",
"BLFS",
"BMRN",
"BPTH",
"BIOS",
"BSTC",
"BSPM",
"TECH",
"BEAT",
"BJRI",
"BBOX",
"BDE",
"BLKB",
"BBRY",
"BKCC",
"ADRA",
"ADRD",
"ADRE",
"ADRU",
"BCOR",
"NILE",
"BNCN",
"BOBE",
"BOFI",
"BOKF",
"BNSO",
"BPFH",
"EPAY",
"BCLI",
"BDGE",
"BLIN          ",
"BRID",
"AVGO",
"BVSN",
"BYFC",
"BWEN",
"BRCD",
"BRKL",
"BRKS",
"BRKR",
"BMTC",
"BSQR",
"BWLD",
"BLDR",
"CFFI",
"CHRW",
"CA",
"CCMP",
"CDNS",
"CDZI",
"CLBS",
"CLMS",
"CHY",
"CHI",
"CHW",
"CGO",
"CSQ",
"CAMP",
"CVGW",
"CFNB",
"CALD",
"CALM",
"CLMT",
"ABCD",
"CAC",
"CAMT",
"CSIQ",
"CPHC",
"CPLA",
"CCBG",
"CPLP",
"CSWC",
"CFFN",
"CAPR",
"CPST",
"CFNL",
"CRME",
"CSII",
"CATM",
"CECO",
"CKEC",
"CLBH",
"CART",
"CRZO",
"TAST",
"CRTN",
"CARV",
"CASM",
"CACB",
"CASC",
"CWST",
"CASY",
"CASI",
"CASS",
"CBIO",
"CPRX",
"CATY",
"CVCO",
"CAVM",
"CBFV",
"CECE",
"CELG",
"CLDX",
"CLRB",
"CLSN",
"CSFL",
"CETV",
"CFBK",
"CENT",
"CENTA",
"CVCY",
"CFCB",
"CENX",
"CNBKA",
"CNTY",
"CPHD",
"CRNT",
"CERN",
"CERS",
"KOOL",
"CEVA",
"CSBR",
"CYOU",
"HOTR",
"CTHR",
"GTLS",
"CHTR",
"CHFN",
"CHKP",
"CEMI",
"CHFC",
"CHMG",
"CHKE",
"CBNK",
"PLCE",
"CADC",
"CALI",
"CAAS",
"CBAK",
"CBPO",
"CCCL",
"JRJC",
"HGSH",
"CNIT",
"CJJD",
"CHNR",
"CREG",
"CNTF",
"CXDC",
"CNET",
"IMOS",
"CDXC",
"CHSCP",
"CHDN",
"CIFC",
"CMCT",
"CMPR",
"CINF",
"CIDM",
"CTAS",
"CPHR",
"CRUS",
"CSCO",
"CTRN",
"CZNC",
"CZWI",
"CZFC",
"CIZN",
"CTXS",
"CHCO",
"CIVB",
"CDTI",
"CLNE",
"CLNT",
"CLFD",
"CLRO",
"CBLI",
"CSBK",
"CME",
"CCNE",
"CISG",
"COBZ",
"COKE",
"CVLY",
"JVA",
"CCOI",
"CGNT",
"CGNX",
"CTSH",
"COHR",
"COHU",
"CLCT",
"CIGI",
"CBAN",
"COLB",
"COLM",
"CMCO",
"CBMX",
"CBMXW",
"CMCSA",
"CBSH",
"CVGI",
"JCS",
"ESXB",
"CTBI",
"CWBC",
"COB",
"CVLT",
"CGEN",
"CPSI",
"CTG",
"SCOR",
"CHCI",
"CMTL",
"CCUR",
"CDOR",
"CNMD",
"CTWS",
"CNOB",
"CONN",
"CNSL",
"CWCO",
"CPSS",
"CPRT",
"COYN",
"CORT",
"BVA",
"CORE",
"CRVL",
"COSI",
"CSGP",
"COST",
"CPAH",
"CVTI",
"COWN",
"CPSH",
"CRAI",
"CBRL",
"BREW",
"CRAY",
"CACC",
"CREE",
"CRESY",
"CROX",
"CCRN",
"CRDS",
"CRWS",
"CYRX",
"CSGS",
"CSPI",
"CSX",
"CTIC",
"CTIB",
"CTRP",
"CUNB",
"CUI",
"CPIX",
"CMLS",
"CRIS",
"CUTR",
"CVBF",
"CVV",
"CYAN",
"CYBE",
"CYCC",
"CYCCP",
"CYNO",
"CY",
"CYRN",
"CYTK",
"CYTX",
"CYTR",
"DJCO",
"DAKT",
"DAIO",
"DTLK",
"DRAM",
"DWCH",
"DWSN",
"DCTH",
"DGAS",
"DENN",
"XRAY",
"DEPO",
"DSCI",
"DEST",
"DXLG",
"DSWL",
"DTRM",
"DXCM",
"DXTR",
"DHIL",
"DFBG",
"DGII",
"DMRC",
"DRAD",
"DGLY",
"APPS",
"DCOM",
"DIOD",
"DISCA",
"DISCB",
"DISCK",
"DISH",
"DVCR",
"SAUC",
"DLHC",
"DNBF",
"DLTR",
"DGICA",
"DGICB",
"DMLP",
"DORM",
"DRWI",
"DWA",
"DRYS",
"DSPG",
"DTSI",
"DRRX",
"DXPE",
"BOOM",
"DYSL",
"DYNT",
"DVAX",
"ETFC",
"EBMT",
"EGBN",
"EGLE",
"ELNK",
"EWBC",
"EML",
"EVBS",
"EBAY",
"EBIX",
"ELON",
"ECHO",
"SATS",
"EEI",
"EDAP",
"EDGW",
"EDUC",
"EFUT",
"EGAN",
"EHTH",
"EMITF",
"ESLT",
"ESIO",
"EA",
"EFII",
"ELSE",
"RDEN",
"ESBK",
"ELTK",
"EMCI",
"EMCF",
"EMKR",
"EMMS",
"NYNY",
"ECPG",
"WIRE",
"ENDP",
"ELGX",
"ERII",
"ENOC",
"ENG",
"ESGR",
"ENTG",
"ETRM",
"EBTC",
"EFSC",
"EGT",
"EPIQ",
"PLUS",
"EQIX",
"EQFN",
"ERIC",
"ERIE",
"ESCA",
"ESMC",
"ESSA",
"ESND",
"CLWT",
"EEFT",
"ESEA",
"EVEP",
"EVK",
"EVLV",
"EVOL",
"EXAS",
"EXAC",
"EXEL",
"EXFO",
"EXLS",
"EXPE",
"EXPD",
"EXPO",
"ESRX",
"EXTR",
"EZPW",
"FFIV",
"FCS",
"FALC",
"DAVE",
"FARM",
"FFKT",
"FMNB",
"FARO",
"FAST",
"FBSS",
"FBRC",
"FDML",
"FNHC",
"FEIC",
"FHCO",
"GSM",
"FCSC",
"ONEQ",
"LION",
"FSC",
"FITB",
"FISI",
"FNSR",
"FBNC",
"FNLC",
"BUSE",
"FBIZ",
"FCAP",
"FCFS",
"FCNCA",
"FCLF",
"FCBC",
"FCCO",
"FDEF",
"FFBC",
"FFIN",
"THFF",
"FFNW",
"INBK",
"FRME",
"FMBH",
"FMBI",
"FSFG",
"FSLR",
"FSBK",
"FTCS",
"FEX",
"FTC",
"FTA",
"FNX",
"FAD",
"FAB",
"QABA",
"QCLN",
"GRID",
"QQEW",
"QQXT",
"QTEC",
"FYX",
"FUNC",
"FMER",
"FISV",
"FVE",
"FLML",
"FLXS",
"FLEX",
"FLIR",
"FFIC",
"FONR",
"FES",
"FORM",
"FORTY",
"FORR",
"FTNT",
"FWRD",
"FORD",
"FOSL",
"FELE",
"FRED",
"RAIL",
"FEIM",
"FTR",
"FRPH",
"FSBC",
"FTEK",
"FCEL",
"FLL",
"FULT",
"FNCX",
"FSNN",
"FFHL",
"GK",
"WILC",
"GAIA",
"GALT",
"GALE",
"GPIC",
"GRMN",
"GENC",
"GNCMA",
"GFN",
"GENE",
"GHDX",
"GNTX",
"THRM",
"GNVC",
"GTWN",
"GEOS",
"GABC",
"GERN",
"ROCK",
"GIGM",
"GIGA",
"GIII",
"GILT",
"GILD",
"GBCI",
"GLAD",
"GOOD",
"GOODO",
"GOODP",
"GAIN",
"GLBZ",
"GBLI",
"SELF",
"GSOL",
"QQQC",
"GLBS",
"GLUU",
"GLNG",
"GLDC",
"GDEN",
"GOGL",
"GTIM",
"GOV",
"LOPE",
"GRVY",
"GEC",
"GLDD",
"GSBC",
"GRBK",
"GPRE",
"GCBC",
"GLRE",
"GRIF",
"OMAB",
"GGAL",
"GSIT",
"GTXI",
"GBNK",
"GFED",
"GUID",
"GIFI",
"GURE",
"GPOR",
"GYRO",
"HEES",
"HNRG",
"HALL",
"HALO",
"HBHC",
"HNH",
"HAFC",
"HQCL",
"HDNG",
"HLIT",
"TINY",
"HBIO",
"HAS",
"HA",
"HWKN",
"HWBK",
"HAYN",
"HCSG",
"HSTM",
"HWAY",
"HTLD",
"HTLF",
"HTWR",
"HSII",
"HELE",
"HMNY",
"HNNA",
"HSIC",
"HTBK",
"HFWA",
"HEOP",
"HCCI",
"MLHR",
"HRTX",
"HSKA",
"HIBB",
"HPJ",
"HIHO",
"HIMX",
"HIFS",
"HMNF",
"HMSY",
"HOLI",
"HOLX",
"HBCP",
"HOMB",
"HFBL",
"CETC",
"HOFT",
"HOPE",
"HFBC",
"HBNC",
"HPT",
"HWCC",
"HOVNP",
"HBMD",
"HSNI",
"HUBG",
"HSON",
"HDSN",
"HBAN",
"HBANP",
"HURC",
"HURN",
"HTCH",
"HBP",
"HYGS",
"IDSY",
"IAC",
"IKGH",
"IBKC",
"ICAD",
"IEP",
"ICFI",
"ICLR",
"ICON",
"ICUI",
"INVE",
"IDRA",
"IDXX",
"IESC",
"IIVI",
"IKNX",
"ILMN",
"ISNS",
"IMMR",
"ICCC",
"IMNP          ",
"IMGN",
"IMMU",
"IPXL",
"IMMY",
"SAAS",
"INCY",
"INDB",
"IDSA",
"INFN",
"INFI",
"IPCC",
"III",
"IFON",
"IMKTA",
"INWK",
"INOD",
"IPHS",
"IOSP",
"ISSC",
"INVA",
"INO",
"NSIT",
"ISIG",
"INSM",
"IIIN",
"PODD",
"INSY",
"IART",
"IDTI",
"INTC",
"IQNT",
"IPCI",
"IPAR",
"IBKR",
"ININ",
"IDCC",
"TILE",
"LINK",
"INAP",
"IBOC",
"ISCA",
"IGLD",
"IIJI",
"IDXG",
"INTX",
"ISIL",
"IILG",
"IVAC",
"INTL",
"IIN",
"INTU",
"ISRG",
"INVT",
"SNAK",
"ISBC",
"ITIC",
"IONS",
"IPAS",
"IPGP",
"IRIX",
"IRDM",
"IRBT",
"IRCP",
"TLT",
"AIA",
"IFEU",
"IFGL",
"IGF",
"JKI",
"ACWX",
"ACWI",
"AAXJ",
"SCZ",
"IEUS",
"IBB",
"SOXX",
"EMIF",
"ICLN",
"WOOD",
"INDY",
"ISHG",
"IGOV",
"ISLE",
"ISRL",
"ITI",
"ITRI",
"ITRN",
"ITUS",
"XXIA",
"IXYS",
"JJSF",
"MAYS",
"JBHT",
"JCOM",
"JASO",
"JKHY",
"JACK",
"JXSB",
"JAKK",
"JMBA",
"JAZZ",
"JBLU",
"JCTCF",
"JBSS",
"JOUT",
"JNP",
"KALU",
"KNDI",
"KCAP",
"KRNY",
"KELYA",
"KELYB",
"KFFB",
"KERX",
"KEQU",
"KTEC",
"KTCC",
"KFRC",
"KBAL",
"KGJI",
"KINS",
"KIRK",
"KLAC",
"KONA",
"KZ",
"KOPN",
"KOSS",
"KTOS",
"KLIC",
"KVHI",
"FSTR",
"LSBK",
"LSBG",
"LBAI",
"LKFN",
"LAKE",
"LRCX",
"LAMR",
"LANC",
"LNDC",
"LARK",
"LSTR",
"LTRX",
"LSCC",
"LAWS",
"LAYN",
"LCNB",
"LBIX",
"LGCY",
"LTXB",
"LMAT",
"TREE",
"LXRX",
"LHCG",
"LBTYA",
"LBTYB",
"LBTYK",
"QVCA",
"QVCB",
"LPNT",
"LCUT",
"LFVN",
"LWAY",
"LGND",
"LTBR",
"LPTH",
"LIME",
"LLNW",
"LMNR",
"LINC",
"LECO",
"LLTC",
"LIOX",
"LQDT",
"LFUS",
"LIVE",
"LPSN",
"LKQ",
"LMIA",
"LOGI",
"LOGM",
"LONE",
"LTEA",
"LORL",
"LPTN",
"LRAD",
"LYTS",
"LULU",
"LMNX",
"LUNA",
"MBTF",
"MCBC",
"MFNC",
"MDGL",
"MAGS",
"MGLN",
"MPET",
"MGIC",
"CALL",
"MNGA",
"MGYR",
"MHLD",
"MSFG",
"COOL",
"MLVF",
"MAMS",
"MANH",
"LOAN",
"MNTX",
"MTEX",
"MNKD",
"MANT",
"MCHX",
"MARPS",
"MKTX",
"MRLN",
"MAR",
"MRTN",
"MMLP",
"MRVL",
"MASI",
"MATN",
"MTRX",
"MAT",
"MATR",
"MATW",
"MXIM",
"MXWL",
"MBFI",
"MGRC",
"MDCA",
"MFIN",
"MNOV",
"MDSO",
"MDVN",
"MEET",
"MEIP",
"MPEL",
"MLNX",
"MENT",
"MTSL",
"MELI",
"MBWM",
"MERC",
"MBVT",
"MRCY",
"EBSB",
"VIVO",
"MMSI",
"MSLI",
"MLAB",
"MESO",
"CASH",
"MBLX",
"MEOH",
"MFRI",
"MGCD",
"MGEE",
"MGPI",
"MCHP",
"MU",
"MSCC",
"MSFT",
"MSTR",
"MVIS",
"MPB",
"MBRG",
"MBCN",
"MSEX",
"MOFG",
"MDXG",
"MSON",
"MIND",
"MITK",
"MKSI",
"MMAC",
"MINI",
"MOCO",
"MDSY",
"MLNK",
"MNTA",
"MCRI",
"MDLZ",
"MGI",
"MPWR",
"TYPE",
"MNRO",
"MNST",
"MHGC",
"MORN",
"MOSY",
"MPAA",
"MDM",
"MRVC",
"MSBF",
"MTSC",
"LABL",
"MFSF",
"MYL",
"MYRG",
"MYGN",
"NANO",
"NSSC",
"NDAQ",
"NATH",
"NAUH",
"NKSH",
"FIZZ",
"NCMI",
"NHLD",
"NATI",
"NATL",
"NRCIB",
"NSEC",
"NWLI",
"NAII",
"NHTC",
"NATR",
"BABY",
"NBTB",
"NCIT",
"NKTR",
"NEOG",
"NEO",
"NEON",
"NVCN",
"NEPT",
"UEPS",
"NETE",
"NTAP",
"NTES",
"NFLX",
"NTGR",
"NLST",
"NTCT",
"NTWK",
"CUR",
"NBIX",
"NURO",
"NYMT",
"NEWS",
"NEWT",
"NXST",
"NFEC",
"EGOV",
"NICE",
"NICK",
"NNBR",
"NDSN",
"NSYS",
"NBN",
"NTIC",
"NTRS",
"NFBK",
"NRIM",
"NWBI",
"NWBO",
"NWPX",
"NWFL",
"NVMI",
"NVDQ",
"NOVT",
"MIFI",
"NVAX",
"NVGN",
"NUAN",
"NMRX",
"NUTR",
"NTRI",
"NUVA",
"QQQX",
"NVEC",
"NVDA",
"NXTM",
"NYMX",
"OIIM",
"OVLY",
"OBCI",
"OPTT",
"OSHC",
"OCFC",
"OCLR",
"OCLS",
"OMEX",
"ODP",
"OHAI",
"OVBC",
"OHRP",
"ODFL",
"OLBK",
"ONB",
"OPOF",
"OSBC",
"OSBCP",
"ZEUS",
"OFLX",
"OMER",
"OMCL",
"ON",
"OTIV",
"OGXI",
"OHGI",
"ONVI",
"OTEX",
"OPXA",
"OPK",
"OBAS",
"OCC",
"OPHC",
"ORMP",
"OSUR",
"ORBC",
"ORBK",
"ORLY",
"OREX",
"SEED",
"OESX",
"ORIT",
"ORRF",
"OFIX",
"OSIS",
"OSIR",
"OTEL",
"OTTR",
"OUTR",
"OSTK",
"PFIN",
"PTSI",
"PCAR",
"PCBK",
"PEIX",
"PMBC",
"PPBI",
"PACW",
"PTIE",
"PAAS",
"PNRA",
"PZZA",
"PRTK",
"PRXL",
"PCYG",
"PSTB",
"PKBK",
"PRKR",
"PKOH",
"PTNR",
"PBHC",
"PATK",
"PNBK",
"PDCO",
"PTEN",
"PAYX",
"PYDS",
"PBBI",
"PCCC",
"PCMI",
"PCTI",
"PDCE",
"PDFS",
"PDLI",
"PGC",
"PEGA",
"PCO",
"PENN",
"PNNT",
"PWOD",
"PEBO",
"PEBK",
"PFBX",
"PFIS",
"PBCT",
"PRCP",
"PPHM",
"PRFT",
"PERF",
"PERI",
"PESI",
"PTX",
"PERY",
"PETS",
"PFSW",
"PGTI",
"PHII",
"PHIIK",
"PHMD",
"PLAB",
"PICO",
"PPC",
"PNFP",
"PXLW",
"PLPM",
"PLXS",
"PLUG",
"PLBC",
"PSTI",
"PMV",
"PNTR",
"PLCM",
"POOL",
"POPE",
"PLKI",
"BPOP",
"BPOPM",
"BPOPN",
"PBIB",
"PCH",
"POWL",
"POWI",
"PRFZ",
"PAGG",
"PSAU",
"PNQI",
"QQQ",
"PRAA",
"PRAN",
"PFBC",
"PLPC",
"PFBI",
"PRGX",
"PSMT",
"PNRG",
"PRIM",
"PRZM",
"PVTB",
"PVTBP",
"PDEX",
"PGNX",
"PRGS",
"PRPH",
"PSEC",
"PWX",
"PROV",
"PBIP",
"PSDV",
"PMD",
"PTC",
"PCYO",
"QADB",
"QCRH",
"QGEN",
"QLGC",
"QLTI",
"QCOM",
"QSII",
"QBAK",
"QRHC",
"QUIK",
"QDEL",
"QUMU",
"RRD",
"RADA",
"RDCM",
"ROIA",
"ROIAK",
"RSYS",
"RDNT",
"RDWR",
"RMBS",
"RAND",
"RLOG",
"GOLD",
"RPTP",
"RAVE",
"RAVN",
"ROLL",
"RICK",
"RCMT",
"RDI",
"RDIB",
"RGSE",
"RNWK",
"RCON",
"RRGB",
"REGN",
"REIS",
"RELV",
"MARK",
"RNST",
"RNVA",
"RCII",
"RTK",
"RGEN",
"RPRX",
"RBCAA",
"FRBK",
"REFR",
"REXI",
"RECN",
"ROIC",
"RVLT",
"REXX",
"RFIL",
"RGCO",
"RIBT",
"RELL",
"RIGL",
"RVSB",
"RMTI",
"RCKY",
"RMCF",
"RSTI",
"ROSG",
"ROST",
"ROVI",
"RBPAA",
"RGLD",
"RTIX",
"RBCN",
"RUSHA",
"RUSHB",
"RUTH",
"RYAAY",
"STBA",
"SBRA",
"SAFT",
"SAIA",
"SAJA",
"SALM",
"SAL",
"SAFM",
"SASR",
"SGMO",
"SANM",
"SPNS",
"SRPT",
"SBFG",
"SBAC",
"SCSC",
"SMIT",
"SCHN",
"SCHL",
"SCLN",
"SGMS",
"SNI",
"SEAC",
"SBCF",
"STX",
"SHIP",
"SHLD",
"SGEN",
"SEIC",
"SLCT",
"SCSS",
"SIGI",
"SMTC",
"SENEA",
"SENEB",
"SNH",
"SNMX",
"SQNM",
"SQBG",
"SEV",
"SVBI",
"SGOC",
"SMED",
"SHEN",
"SHLO",
"SCCI",
"SHPG",
"SCVL",
"SHBI",
"SHOR",
"SFLY",
"SIFI",
"SIEB",
"BSRR",
"SWIR",
"SIFY",
"SIGM",
"SGMA",
"SBNY",
"SLGN",
"SILC",
"SGI",
"SLAB",
"SIMO",
"SPIL",
"SSRI",
"SFNC",
"SLP",
"SINA",
"SBGI",
"SINO",
"SVA",
"SIRI",
"SITO",
"SPU",
"SKYW",
"SWKS",
"ISM",
"JSM",
"OSM",
"SLM",
"SLMAP",
"SLMBP",
"SMBK",
"SWHC",
"SMSI",
"SMTX",
"LNCE",
"SCKT",
"SOHU",
"SONC",
"SOFO",
"SONS",
"SORL",
"SRNE",
"SOHO",
"SFBC",
"SSB",
"SFST",
"SMBC",
"SONA",
"SBSI",
"OKSB",
"SP",
"SPAN",
"SBSA",
"SGRP",
"SPAR",
"SPTN",
"SPPI",
"SPEX",
"SPOK",
"FUND",
"STAA",
"STMP",
"STLY",
"SPLS",
"SBLK",
"SBUX",
"STRZA",
"STRZB",
"STFC",
"GASS",
"STLD",
"SMRT",
"STEM",
"SRCL",
"STRL",
"SHOO",
"SSFN",
"SYBT",
"SGBK",
"SSKN",
"SSYS",
"STRT",
"STRS",
"STRA",
"STRM",
"STB",
"SCMP",
"SUMR",
"SMMF",
"SSBI",
"SNBC",
"SNHY",
"SNSS",
"STKL",
"SPWR",
"SMCI",
"SPCB",
"SCON",
"SGC",
"SPRT",
"SRDX",
"SBBX",
"SIVB",
"SIVBO",
"SYKE",
"SYMC",
"SYNL",
"SYNA",
"SNCR",
"SGYP",
"ELOS",
"SNPS",
"SYNT",
"SYMX",
"SYUT",
"SYPR",
"TROW",
"TAIT",
"TTWO",
"TLF",
"TASR",
"TATT",
"TAYD",
"AMTD",
"TEAR",
"TECD",
"TCCO",
"TTGT",
"TTEC",
"TENX",
"TBNK",
"TESO",
"TESS",
"TSRA",
"TTEK",
"TCBI",
"TXN",
"TXRH",
"TFSL",
"ABCO",
"ANDE",
"TBBK",
"BONT",
"CAKE",
"TCFC",
"DSGX",
"DXYN",
"ENSG",
"FINL",
"FBMS",
"FLIC",
"GT",
"HCKT",
"HAIN",
"CUBA",
"INTG",
"MDCO",
"MIDD",
"NAVG",
"PCLN",
"PRSC",
"SPNC",
"ULTI",
"YORW",
"NCTY",
"TST",
"THLD",
"TICC",
"TSBK",
"TITN",
"TTNP",
"TIVO",
